-- noinspection SqlNoDataSourceInspectionForFile

-- noinspection SqlInsertValuesForFile

-- data populated for the integration tests
-- SQL needs to be defined in terms of autogenerated HSQL table structure, not the actual PostgreSQL tables.
INSERT INTO ui_users
       (id,      username,   locale,   created_at,   updated_at)
VALUES (1000001, 'testuser', null,     now(),        now());
ALTER SEQUENCE ui_users_id_seq RESTART WITH 1001000;

-- noinspection SqlResolve
INSERT INTO apikey
       (id,   encodedkey)
VALUES (1,    'ad26a8235b3e847dc0b9ac34733d5acb39e2b6af634796e7eebe171165cdf2d1');
ALTER SEQUENCE apikey_id_seq RESTART WITH 1001000;

INSERT INTO apikey_roles
       (id,    apikey_id, role)
VALUES (1000001, 1,       'XROAD_SYSTEM_ADMINISTRATOR'),
       (1000002, 1,       'XROAD_SECURITY_OFFICER'),
       (1000003, 1,       'XROAD_REGISTRATION_OFFICER');
ALTER SEQUENCE apikey_roles_id_seq RESTART WITH 1001000;


INSERT INTO member_classes
       (id,      code,             description,                          created_at,                   updated_at)
VALUES (1000001, 'GOV',            'Government',                         now(),                        now()),
       (1000002, 'MemberclassFoo', 'Member class with rare code string', now(),                        now()),
       (1000701, 'ORG',            'Organizations',                      '2022-03-07 07:33:22.654029', '2022-03-07 07:33:22.654029');
ALTER SEQUENCE member_classes_id_seq RESTART WITH 1001000;

INSERT INTO identifiers
       (id,      object_type, xroad_instance, member_class,     member_code, subsystem_code, created_at, updated_at)
VALUES (1000001, 'MEMBER',    'TEST',         'GOV',            'M1',        null,           now(),      now()),
       (1000002, 'MEMBER',    'TEST',         'GOV',            'M2',        null,           now(),      now()),
       (1000003, 'MEMBER',    'TEST',         'GOV',            'M3',        null,           now(),      now()),
       (1000004, 'MEMBER',    'TEST',         'GOV',            'M4',        null,           now(),      now()),
       (1000005, 'MEMBER',    'TEST',         'GOV',            'M5',        null,           now(),      now()),
       (1000006, 'MEMBER',    'TEST',         'GOV',            'M6',        null,           now(),      now()),
       (1000007, 'MEMBER',    'TEST',         'GOV',            'M7',        null,           now(),      now()),
       (1000008, 'MEMBER',    'TEST',         'GOV',            'M8',        null,           now(),      now()),
       (1000009, 'MEMBER',    'TEST',         'GOV',            'M9',        null,           now(),      now()),
       (1000010, 'SUBSYSTEM', 'TEST',         'GOV',            'M1',        'SS1',          now(),      now()),
       (1000011, 'SUBSYSTEM', 'TEST',         'MemberclassFoo', 'M10',       null,           now(),      now()),
       (1000012, 'MEMBER',    'Instance2',    'GOV',            'M11',       null,           now(),      now());
INSERT INTO identifiers
       (id,      object_type, xroad_instance, member_class, member_code, subsystem_code, service_code, server_code, service_version, created_at, updated_at)
VALUES (1000701, 'MEMBER',    'TEST',         'ORG',        '111',       null,           null,         null,        null,              now(),        now()),
       (1000702, 'SUBSYSTEM', 'TEST',         'ORG',        '111',       'MANAGEMENT',   null,         null,        null,              now(),        now()),
       (1000703, 'SERVER',    'TEST',         'ORG',        '111',       null,           null,         'ADMINSS',   null,              now(),        now()),
       (1000704, 'SUBSYSTEM', 'TEST',         'ORG',        '222',       'TEST',         null,         'SERVICESS', null,              now(),        now()),
       (1000705, 'MEMBER',    'TEST',         'GOV',        '333',       null,           null,         null,        null,              now(),        now()),
       (1000706, 'MEMBER',    'TEST',         'ORG',        '000',       null,           null,         null,        null,              now(),        now()),
       (1000707, 'MEMBER',    'TEST',         'GOV',        '321',       null,           null,         null,        null,              now(),        now());
ALTER SEQUENCE identifiers_id_seq RESTART WITH 1001000;

INSERT INTO security_server_clients
       (id,      member_code, subsystem_code, name,             xroad_member_id, member_class_id,   server_client_id, type,            created_at, updated_at)
VALUES (1000001, 'M1',        null,           'Member1',        null,            1000001,           1000001,          'XRoadMember',   now(),        now()),
       (1000002, 'M2',        null,           'Member2',        null,            1000001,           1000002,          'XRoadMember',   now(),        now()),
       (1000003, 'M3',        null,           'member3',        null,            1000001,           1000003,          'XRoadMember',   now(),        now()),
       (1000004, 'M4',        null,           'mEmber4',        null,            1000001,           1000004,          'XRoadMember',   now(),        now()),
       (1000005, 'M5',        null,           'Member5-ÅÖÄ',    null,            1000001,           1000005,          'XRoadMember',   now(),        now()),
       (1000006, 'M6',        null,           'Member6\a',      null,            1000001,           1000006,          'XRoadMember',   now(),        now()),
       (1000007, 'M7',        null,           'Member7_a',      null,            1000001,           1000007,          'XRoadMember',   now(),        now()),
       (1000008, 'M8',        null,           'Member8%a',      null,            1000001,           1000008,          'XRoadMember',   now(),        now()),
       (1000009, 'M9',        null,           'Member9__%%em%', null,            1000001,           1000009,          'XRoadMember',   now(),        now()),
       (1000010, null,        'SS1',          'Member1-SS1',    1000001,         1000001,           1000010,          'Subsystem',     now(),        now()),
       (1000011, 'M10',       null,           'Member10',       null,            1000002,           1000011,          'XRoadMember',   now(),        now()),
       (1000012, 'M11',       null,           'Member11',       null,            1000001,           1000012,          'XRoadMember',   now(),        now());
INSERT INTO security_server_clients
       (id,      member_code, subsystem_code, name,     xroad_member_id, member_class_id, server_client_id, type,          administrative_contact, created_at,                   updated_at)
VALUES (1000701, '111',       null,           'ADMORG', null,            1000701,         1000701,          'XRoadMember', null,                   '2022-03-07 07:44:57.466408', '2022-03-07 07:44:57.466408'),
       (1000702, null,        'MANAGEMENT',   null,     1000701,         null,            1000702,          'Subsystem',   null,                   '2022-03-07 07:45:34.809253', '2022-03-07 07:45:34.809253'),
       (1000703, null,        'TEST',         null,     1000701,         null,            1000704,          'Subsystem',   null,                   '2022-03-07 08:48:15.393806', '2022-03-07 08:48:15.393806'),
       (1000704, '222',       null,           'TEST2',  null,            1000001,         1000705,          'XRoadMember', null,                   '2022-03-07 08:48:15.393806', '2022-03-07 08:48:15.393806'),
       (1000705, '221',       null,           'TEST3',  null,            1000701,         1000706,          'XRoadMember', null,                   '2022-03-18 12:18:15.393806', '2022-03-18 12:48:15.393806'),
       (1000706, '223',       null,           'TEST4',  null,            1000001,         1000707,          'XRoadMember', null,                   '2022-03-21 12:18:15.333333', '2022-03-21 12:48:15.333333');
ALTER SEQUENCE security_server_clients_id_seq RESTART WITH 1001000;

INSERT INTO security_servers
       (id,      server_code,       owner_id, address,         created_at,                   updated_at)
VALUES (1000701, 'ADMINSS2',        1000701,  '10.85.227.109', '2022-03-07 08:27:17.395387', '2022-03-07 08:27:17.395387'),
       (1000702, 'SERVICESS2_CODE', 1000705,  '10.85.227.239', '2022-03-15 08:27:17.222222', '2022-03-15 08:27:17.222222'),
       (1000703, 'SERVICESS1_CODE', 1000704,  '10.85.227.111', '2022-03-15 08:27:17.111111', '2022-03-15 08:27:17.111111'),
       (1000704, 'SERVICESS3_CODE', 1000706,  '10.85.227.333', '2022-03-21 08:25:17.333333', '2022-03-21 08:25:17.333333'),
       (1000001, 'server1',         1000001,  'server1.test',  now(),                        now()),
       (1000002, 'server2',         1000004,  'server2.test',  now(),                        now());
ALTER SEQUENCE security_servers_id_seq RESTART WITH 1001000;

INSERT INTO auth_certs
       (id, security_server_id, cert, created_at, updated_at)
VALUES (1000001, 1000001, X'308204543082023CA003020102020105300D06092A864886F70D01010B0500305B310B300906035504061302464931143012060355040A0C0B582D526F61642054657374311A3018060355040B0C11582D526F61642054657374204341204F55311A301806035504030C11582D526F6164205465737420434120434E301E170D3231303331303038323634315A170D3431303330353038323634315A3042310B30090603550406130246493110300E060355040A0C07546573744F7267310C300A06035504030C03737330311330110603550405130A43532F5353302F4F524730820122300D06092A864886F70D01010105000382010F003082010A02820101008A1A8D7CF46F33A7072C37F4FBB15FCFF6E8D1B32AD886EE4EC16C246404BBF952A4D82D639CFA16889EEE7F6F390A2EFB5A24CC533A7926EF3048E7F72B5CF9422E0A65286D073C389439AFE7171D048707BA495115B970DE3CD5E9333485DC518333A61FAD4484B26CE49E4EB8D5BCE86A08D1E9FD3E6C6D1556C8F5145A03E67001F551E2592BC46BDDDD4AA5A9134847421820B754FA776511CB34CF5961535E0F05B4C662761E8D5B396CEA5022224E7F91917EB01E9DF46944C2871B0D2ACF8AAA9B2A89DDCF2EA1D22FDCF51D4430DA3416BE8B52D6825FBCDF30926FE160A1EF99A61557D689218A3838E6664FC032E1AC009331905BB4D902A0A5150203010001A33C303A30090603551D1304023000300E0603551D0F0101FF0404030203B8301D0603551D250416301406082B0601050507030206082B06010505070301300D06092A864886F70D01010B050003820201006593583D295F1CB9D86D69B5A6B5A8E9A2E834ADEF1FF8A42563D0000606B4106333B52DCB295B8F067513F906ACBF0CC9CDC0D4E2F282C199CF92B8A8DB14ACE237C2869272D13E6A9AEE9BF4E85A843266C9AED98A71A257D9D3446AD2A23930ED22992A6D343292F0E17CA6720293605CAC1C2085B83C33BF799E34EA2727DDF6207CC639A8A564AA33944A965D9DDBA3488351E254E25DB821222916AAD72A5DDFB3108E07996AD81E9A3FF289D201569E9F6598DC53B10620DBD719E1E8BD57330D04A7D2235EB91C4040313FBD3A4156A21B52FD6CE2E87A03D6D9B6E8328F8784AA6168F354D6F1A214035345CA9CF1E2EAD304A9F2D0DA5BB1EF00BC2533ABFC243165AD35A636B73BCA3BD63A726667FB36EB40761C2D12004559B241908245305F8B1B1D795469A96F7EE6D34DD30EEFFEE333A6BE61FC73DEC77AE5768894F00E25FB5AC2E17A1C12DC2C0EB0DB706885EBBC492769142BBEB3432216108C3E4B4CB3911F5D6ED1A02AE32ADA9F0B419A5EB3C478472413B4268429C700C2B54E8EEFF90E4F4F6A8F4709C237B7E5ADC932F4B03ECF8D5DE0371290BA837B19177F32D95EB492701DD086D59C05EF870D026B3F35844E1114721DADDEA99DE25A7C8B492F5776C7FA5ECA5166C6B0E491D1F1590D7FD21A5DB1942629787157299FB8D96DF53AD979FAC490852BD4B6E0C58285C217EBD00E261D', now(), now());
ALTER SEQUENCE auth_certs_id_seq RESTART WITH 1001000;

INSERT INTO server_clients
       (id,      security_server_id, security_server_client_id)
VALUES (1000001,   1000001,              1000001),
       (1000002,   1000001,              1000002),
       (1000003,   1000001,              1000010),
       (1000004,   1000002,              1000004),
       (1000005,   1000002,              1000010),
       (1000701,   1000701,              1000702),
       (1000702,   1000701,              1000703),
       (1000703,   1000702,              1000703),
       (1000704,   1000703,              1000704);
ALTER SEQUENCE server_clients_id_seq RESTART WITH 1001000;

INSERT INTO ca_infos
       (id,  valid_from, valid_to, created_at, updated_at)
VALUES (100, now(),      now(),    now(),      now());

INSERT INTO approved_cas
       (id,  top_ca_id, name,                created_at, updated_at)
VALUES (100, 100,       'X-Road Test CA CN', now(),     now());

INSERT INTO global_groups
       (id,      group_code, description,             created_at, updated_at)
VALUES (1000001, 'CODE_1',   'First global group',    now(),      now()),
       (1000002, 'CODE_2',   'Second global group',   now(),      now()),
       (1000003, 'CODE_3',   'Third global group',    now(),      now());

INSERT INTO global_group_members
       (id,      global_group_id, group_member_id, created_at, updated_at)
VALUES (1000001, 1000001,         1000010,         now(),      now()),
       (1000002, 1000002,         1000011,         now(),      now()),
       (1000003, 1000002,         1000010,         now(),      now());

INSERT INTO request_processings (id, type, status, created_at, updated_at) VALUES (1000, 'AuthCertRegProcessing', 'APPROVED', '2021-03-10 08:24:59.913689', '2021-03-10 08:25:00.240286');
INSERT INTO requests (id, request_processing_id, type, security_server_id, sec_serv_user_id, auth_cert, address, origin,
                        comments, created_at, updated_at) VALUES (2000, 1000, 'AuthCertRegRequest', 1000703, null, null, 'ss1', 'SECURITY_SERVER', null, '2021-03-10 08:24:59.930557', '2021-03-10 08:25:00.250267');
INSERT INTO requests (id, request_processing_id, type, security_server_id, sec_serv_user_id, auth_cert, address, origin,
                        comments, created_at, updated_at) VALUES (2001, 1000, 'AuthCertRegRequest', 1000703, null, null, 'ss1', 'CENTER', null, '2021-03-10 08:24:59.984921', '2021-03-10 08:25:00.246212');
